product,link
"The X-Files Season 3",https://amzn.com/B01729J1KQ
"The X-Files Season 4",https://amzn.com/B000CNE0SS
"The X-Files Season 1",https://amzn.com/B001BWQ0XM
"Doctor Who Season 6",https://amzn.com/B004X2M3N8
"Psych Season 4",https://amzn.com/B002KF2VU0
""""The Falconer"" by Elizabeth May",1452128774
""""The Falconer: A Novel"" by Dana Czapnik",1501193228
"Britannia Season 1",https://amzn.com/B078YDK3YK
"Scrubs Season 7",https://amzn.com/B003YDUMBW
""""Green Rider (Green Rider Trilogy Book 1)"" by Kristen Britain",886778247
""""The Official Razzie Movie Guide: Enjoying the Best of Hollywood's Worst"" by John Wilson",446693340
"What We Do In The Shadows Season 1",https://amzn.com/B07PLS94TH
"Patek Philippe Calatrava Automatic White Dial 18k White Gold Mens Watch 5119G",https://amzn.com/B00K789RRW
"Ghost Adventures Volume 3",https://amzn.com/B00FEB1400
""Ghost Adventures, Vol. 16"",https://amzn.com/B01LZ9B2S7
"Ghost Adventures Volume 15",https://amzn.com/B06XT3HM4T
""Ghost Adventures, Vol. 19"",https://amzn.com/B075SLL722
"Hamilton Men's HML-H704555333 Khaki Field Black Dial Watch",https://amzn.com/B000J179X6
"Hamilton Khaki Field Brown Dial Nylon Strap Men's Watch H69429901",https://amzn.com/B07BMX25QW
"Psych Season 3",https://amzn.com/B001CGZZ0G
"Scrubs Season 3",https://amzn.com/B003YDULIQ
"Bob's Burgers Season 9",https://amzn.com/B07GL99PF6
"Bosch-Season 5",https://amzn.com/B07NSFS72Z
""MSI GS65-007 (i7-8750H, 16GB RAM, 256GB NVMe SMD, NVIDIA RTX 2060 6GB, 15.5"" Full HD 144Hz 7ms, Windows 10 Pro) VR Ready Gaming Laptop"",https://amzn.com/B07N4Z8GV6
"STYLELOVER Premium NATO Watch Bands Nylon Straps Width 16mm 18mm 20mm 22mm 24mm",https://amzn.com/B075CKQ4Z6
""Craig Frames 1WB3BK 18 by 24-Inch Wall Decor Frame, Smooth Finish, 1-Inch Wide, Matte Black"",https://amzn.com/B07N38WBVH
""Americanflat Poster Frame, 18x24 inches, Thick Molding, Black"",https://amzn.com/B071LPY3RH
""18x24 Picture Frame Walnut Woodâ€“Matted for 12x18 Poster, Frames by EcoHome"",https://amzn.com/B0046DMCC6
"Nine Inch Nails Men's Downward Spiral Sweatshirt Black",https://amzn.com/B07HX2NLSV
"Mens Queens Of The Stone Age Alternative Rock Full-Zip Hoodie",https://amzn.com/B01MTQOQSA
"Nike Men's AIR Force 1 AOP PRM Basketball Shoes",https://amzn.com/B00VMIA4MI
"Nike Air Force 1 High 07 Lv8 Sport Shoes Men",https://amzn.com/B07K7RKSWM
"Nike Men's Air Force 1 LV8 Leather Casual Shoes",https://amzn.com/B07K7R2LJM
"Nike Men's Air Force 1 '07 Shoes",https://amzn.com/B000UDXKEU
"Nike Air Force 1 Foamposite 'Red' Mens",https://amzn.com/B07N8C5X6S
"Nike Men's Free SB Skate Shoes",https://amzn.com/B01MRF06FV
"Nike Air Force 1 '07 Lv8 Sport Mens",https://amzn.com/B07HYY6FRB
"Nike Men's Air Force 1 UT Low PRM WIP Basketball Shoe",https://amzn.com/B07KQ4RPD1